Name,Gender,Department,Annual Salary,Location,Rating,Distance to Office,Age,Tenure in Company
Aarti Panchal,Female,CEO,10000000,Mumbai,Very Good,25,31,10.4
Aastha Behl,Female,Sales,880500,Bengaluru,Very Good,7,40,18.2
Abhinaw Sinha,Male,Engineering,682200,Bengaluru,Good,15,28,6.6
Abhishek Dabb,Male,Legal,563700,New Delhi,Very Good,5,39,13.3
Abhishek Kumar Preetam,Male,Support,1070900,New Delhi,Poor,10,26,4.8
Addi Studdeard,Female,Support,1084500,Mumbai,Poor,6,38,6.7
Addia Penwright,Male,Human Resources,411600,Bengaluru,Average,7,34,1.9
Addy Pimblett,Male,Legal,1090000,Mumbai,Very Good,7,41,9.3
Adesh Doifode,Male,Support,430200,New Delhi,Average,9,37,8.3
Adey Ryal,Female,Business Development,378000,Bengaluru,Average,21,32,7.1
Adi Seawright,Female,Sales,883800,New Delhi,Average,9,33,10.7
Aditi Chauhan,Female,Product Management,844200,Mumbai,Average,25,35,13.4
Aditi Rakesh Trivedi,Female,Legal,1017600,Mumbai,Good,19,30,1.3
Aditi Ramesh Karle,Female,Sales,1107800,Mumbai,Poor,1,26,3.8
Adolph McNalley,Male,Human Resources,684300,Mumbai,Good,21,30,6
Adrianne Gave,Male,Training,1053700,New Delhi,Good,28,30,3.3
Aeriell Cuell,Male,Engineering,1138000,Bengaluru,Average,11,34,10.5
Aher Sachin Shivaji,Male,Sales,763000,New Delhi,Average,17,36,10.5
Ajay Kumar Varshney,Male,Sales,445300,New Delhi,Average,1,34,1.4
Akella Katyayani Naga Subhadra,Female,Legal,637100,Bengaluru,Average,20,36,4.7
Akshay Rana,Male,Product Management,627800,Mumbai,Very Good,22,27,4.1
Aldrich Glenny,Male,Training,1197500,Bengaluru,Average,23,31,8.2
Alexine Portail,Female,Research and Development,1169800,New Delhi,Very Poor,3,33,2.4
Alford Gerardi,Female,Accounting,359400,Mumbai,Good,5,26,2.2
Ali Roubert,Not Revealed,Services,1090400,Bengaluru,Average,8,32,9
Alikee Jecock,Female,Services,1091600,New Delhi,Good,22,37,15.1
Alisha Bloschke,Not Revealed,Human Resources,755400,Mumbai,Average,17,33,7.9
Allene Gobbet,Female,Engineering,300000,New Delhi,Average,8,26,2.9
Allyce Hincham,Male,Sales,762100,Mumbai,Good,29,29,5.9
Aloisia Minto,Male,Legal,1084600,New Delhi,Good,8,35,2.7
Alok Abhang,Male,Research and Development,690700,New Delhi,Poor,3,30,7.7
Althea Bronger,Male,Business Development,1165200,Bengaluru,Good,8,27,6.7
Amaleta Baltzar,Not Revealed,Research and Development,965600,New Delhi,Not Rated,18,26,5
Aman Agrawal,Male,Human Resources,364600,Mumbai,Good,19,26,3.9
Amandy Jope,Male,Training,509500,New Delhi,Good,5,28,0.2
Amartya Ghosh,Male,Marketing,754400,Bengaluru,Average,13,37,5.7
Ambrosio Daniely,Female,Sales,847600,New Delhi,Average,22,28,3.8
Amery Ofer,Female,Engineering,822400,New Delhi,Poor,27,32,0.3
Ameya Loke,Female,Human Resources,283300,Bengaluru,Very Poor,5,36,4.2
Amii Elms,Female,Human Resources,605800,Bengaluru,Very Good,26,32,0.2
Amitie Mawson,Female,Support,455100,New Delhi,Very Good,22,41,20.4
Amol Nar,Male,Human Resources,1107700,Mumbai,Good,18,41,7
Amreen Ismat M Khan,Female,Product Management,869200,Mumbai,Average,27,37,7.5
Anabal Cooke,Female,Training,846800,Bengaluru,Good,24,32,5.5
Anand Jangir,Male,Research and Development,368600,Bengaluru,Poor,15,40,17.1
Anand Sheyon,Male,Sales,1140100,New Delhi,Average,15,27,2.5
Anandhu Shaji,Female,Services,541300,New Delhi,Very Poor,28,38,3.1
Anant Tanwar,Male,Product Management,817200,Mumbai,Very Good,16,35,4.6
Ancell Moretto,Female,Human Resources,844700,Bengaluru,Average,22,35,6.3
Andrea Becker,Female,Marketing,1146000,Bengaluru,Good,8,26,3.8
Andrea Penfold,Male,Training,1146900,Bengaluru,Very Poor,28,28,4.2
Angela Bangley,Female,Engineering,573500,New Delhi,Good,19,37,1.6
Angeline Christophersen,Female,Accounting,512000,New Delhi,Poor,27,31,7.1
Aniruddha M Phadke,Male,Human Resources,852600,Bengaluru,Poor,23,33,5.6
Anjela Spancock,Not Revealed,Services,712300,New Delhi,Very Poor,26,30,6.9
Anju Tamang,Female,Product Management,1076600,Mumbai,Good,26,38,12.7
Anne-corinne Daulby,Male,Engineering,752300,New Delhi,Poor,6,39,9.5
Anni Dinse,Male,Marketing,1080800,Mumbai,Average,29,37,4.7
Anshuman Sen,Male,Legal,284800,New Delhi,Good,23,35,4.6
Ansley Gounel,Female,Support,566200,Mumbai,Average,25,37,13.6
Anthony Bobby Augustine,Male,Sales,1035500,Mumbai,Average,10,28,5.1
Antone Tolmie,Male,Business Development,785000,New Delhi,Very Good,24,37,16.7
Anuja Patil,Female,Legal,939300,New Delhi,Good,12,30,3.7
Anuradha S Pai,Female,Training,553100,New Delhi,Very Poor,4,34,1.2
Aparna Bahar Kulkarni,Female,Research and Development,496700,Mumbai,Poor,16,27,1.5
Apoorva Singh,Female,Product Management,407700,Mumbai,Average,6,31,4.6
Appolonia Snook,Female,Product Management,1067800,New Delhi,Poor,12,32,1.1
Apurva Singhai,Male,Human Resources,1007300,New Delhi,Average,10,27,6.9
Arati Sujeet Naik,Female,Services,746200,New Delhi,Poor,24,40,12.3
Archana Nair,Female,Product Management,404500,New Delhi,Average,22,27,0.1
Archibald Filliskirk,Male,Services,605600,Mumbai,Average,7,37,9.6
Archibaldo Denny,Female,Legal,1149000,New Delhi,Average,25,27,5.8
Ardyce Eacott,Female,Human Resources,698600,New Delhi,Average,13,35,2.5
Arpita Gurbaxani,Female,Services,513200,New Delhi,Very Poor,18,39,8.6
Arti Yadav,Female,Training,1036000,Bengaluru,Good,22,28,6.6
Arundhati Reddy,Female,Marketing,535400,New Delhi,Poor,10,35,9.5
Arya,Male,Sales,987400,Mumbai,Poor,15,40,12.8
Ashem Roja Devi,Female,Support,1150900,New Delhi,Average,9,40,0.4
Ashien Gallen,Female,Marketing,519100,New Delhi,Good,4,38,8.5
Ashish Srivas,Male,Accounting,340800,New Delhi,Not Rated,6,41,7.9
Ashish Tiwari,Male,Services,886900,Bengaluru,Poor,13,40,16
Asmita Agrawal,Female,Human Resources,359400,New Delhi,Average,6,39,3.1
Astha Gupta,Female,Legal,1091900,Mumbai,Average,14,34,0.1
Atul Nainwal,Male,Marketing,896100,Bengaluru,Good,6,28,7
Aubert Wedmore.,Female,Support,1097600,Mumbai,Good,14,36,1
Augusta Cheetham,Male,Marketing,1083900,Bengaluru,Poor,23,31,9.9
Aurelea Devitt,Male,Research and Development,298800,Bengaluru,Very Poor,21,33,11.6
Austine Littlewood,Female,Support,680900,New Delhi,Average,15,31,0.8
Ava Whordley,Female,Services,872100,Mumbai,Not Rated,18,30,8.2
Avanti Santosh Chinmulgund,Female,Engineering,908000,Mumbai,Average,17,39,15.9
Avigdor Karel,Male,Training,1029300,New Delhi,Good,11,33,7
Avinash Koul,Male,Product Management,290800,New Delhi,Average,1,38,12.8
Avinash Mishra,Male,Research and Development,444500,Mumbai,Very Good,15,31,2.8
Avinash Singh,Male,Services,971200,New Delhi,Average,24,33,5.4
Aziz Ahmmad,Male,Support,588400,Mumbai,Average,1,40,13.8
Barnaby Farnall,Not Revealed,Business Development,770600,New Delhi,Good,15,30,3.9
Barney Bonafant,Female,Support,900800,New Delhi,Average,27,34,6.8
Barny Fairweather,Male,Product Management,358300,New Delhi,Average,28,26,4.7
Barri Teacy,Female,Legal,371100,New Delhi,Average,23,26,4.9
Baudoin Dummigan,Male,Training,1127800,Mumbai,Poor,26,40,8.3
Bayard Gendricke,Male,Engineering,960000,New Delhi,Average,2,31,4.1
Beatriz Bateson,Male,Product Management,1125500,New Delhi,Average,6,41,5.3
Bendite Bloan,Male,Training,883300,New Delhi,Poor,19,30,4
Benni Simounet,Male,Training,1167700,Bengaluru,Good,4,36,9.4
Benoite Ackermann,Female,Marketing,402700,New Delhi,Average,1,39,16.4
Berenice Osbaldstone,Female,Business Development,966400,New Delhi,Very Good,24,27,3.7
Beryl Burnsyde,Male,Business Development,1181000,Bengaluru,Average,22,28,6.7
Bethanne Leicester,Not Revealed,Engineering,436000,Mumbai,Average,16,32,6.3
Bev Lashley,Male,Legal,545200,Mumbai,Poor,26,40,2.3
Beverie Moffet,Female,Research and Development,577500,Mumbai,Average,20,28,1.1
Bhalsing Prajwal Vitthal,Male,Training,999700,Bengaluru,Average,24,30,8.2
Bhaurkar Vyankatesh Prabhakar,Male,Sales,622000,New Delhi,Very Good,18,36,12.2
Bhavthankar Aniket Udayrao,Male,Human Resources,429900,New Delhi,Average,23,34,1.8
Bhise Sanjeev Suresh,Male,Support,1178100,Mumbai,Average,22,38,14.3
Bhumika Makhija,Female,Services,581300,New Delhi,Average,12,32,5.9
Bili Sizey,Male,Services,868400,Mumbai,Average,7,39,3
Bobina Teale,Male,Product Management,417000,Bengaluru,Good,19,32,1.2
Bogey Hitcham,Male,Human Resources,728800,New Delhi,Average,26,37,7.1
Bokil Rohit Milind,Male,Accounting,1171500,Mumbai,Average,12,27,6.3
Brad Gumb,Male,Human Resources,970200,New Delhi,Poor,26,38,8.7
Bren Absolon,Male,Training,675100,New Delhi,Not Rated,5,37,4.1
Brendan Edgeller,Female,Human Resources,348300,New Delhi,Average,17,28,5.4
Brien Boise,Female,Legal,387300,Mumbai,Average,9,32,10.6
Brig Dewi,Male,Services,967900,Bengaluru,Good,14,34,12.6
Brodie Grimstead,Male,Engineering,680400,New Delhi,Good,3,30,7.3
Bryana Loyns,Male,Business Development,885100,Bengaluru,Average,28,28,4.5
Burhanuddin Bohra,Male,Human Resources,653500,Mumbai,Very Poor,9,39,5.8
Callie Duckels,Male,Product Management,520000,Bengaluru,Not Rated,18,37,4.3
Calvin O'Carroll,Female,Human Resources,857400,Bengaluru,Average,2,38,11
Candy Aindrais,Female,Research and Development,925000,Bengaluru,Good,15,40,17.3
Carlene Torry,Female,Sales,807700,Mumbai,Very Good,15,34,12.8
Carlin Demke,Male,Product Management,678200,New Delhi,Not Rated,20,28,1.1
Carmel Pancoust,Female,Engineering,480600,Mumbai,Poor,25,34,1.3
Caro Hainsworth,Male,Training,568300,New Delhi,Very Good,14,40,0.1
Carolin Fieldstone,Female,Product Management,725000,Bengaluru,Very Poor,28,33,6.8
Carolina Blumsom,Male,Services,570800,Mumbai,Average,24,37,9.6
Carolyn Attack,Female,Product Management,1040800,Mumbai,Very Poor,20,39,14
Caron Kolakovic,Male,Legal,297700,Bengaluru,Good,8,34,1.8
Carry Loblie,Female,Legal,486900,Bengaluru,Average,17,28,0.3
Cathi Gillbee,Male,Research and Development,700800,Bengaluru,Very Poor,11,28,6.2
Cathrin Yanuk,Male,Business Development,691900,Mumbai,Average,24,33,8.5
Cecilio Sprankling,Male,Services,379200,Mumbai,Average,2,39,2.1
Cecilla Joselevitch,Female,Accounting,891200,Bengaluru,Good,5,30,5.1
Cecilla Northen,Male,Legal,481400,Mumbai,Very Good,29,30,7.6
Chaitali Ghadi,Female,Support,693400,Bengaluru,Average,25,39,16.6
Chandra Prakash,Male,Human Resources,713300,New Delhi,Very Good,6,32,5.3
Charan Rawat,Male,Marketing,676200,Mumbai,Good,20,40,13.8
Charline Husset,Male,Product Management,697400,Bengaluru,Not Rated,2,33,4.1
Charmaine Howie,Male,Engineering,443000,Bengaluru,Good,22,37,11.4
Chati Vinay Dattatraya,Male,Business Development,405600,Bengaluru,Poor,22,31,6.8
Chaudhari Deptii Devendra,Female,Sales,1152300,Mumbai,Good,8,34,12.9
Chavan Priyanka Ramdas,Female,Training,397500,New Delhi,Average,22,31,10
Chelsea Itzak,Male,Research and Development,1089700,Mumbai,Average,20,39,9.9
Cherlyn Barter,Female,Engineering,1125700,Mumbai,Poor,12,35,0.9
Chetan Deepak Nerkar,Male,Accounting,568100,New Delhi,Poor,27,27,3.8
Chodankar Bindiya Govind,Female,Business Development,429500,Mumbai,Poor,19,31,2.5
Christoph Stretton,Female,Services,428200,New Delhi,Average,27,34,6.6
Christos Wintle,Male,Sales,570800,New Delhi,Average,24,40,6.9
Cindee Saice,Female,Marketing,1016700,New Delhi,Average,6,34,9.8
Cindi Stratten,Female,Marketing,1047500,New Delhi,Average,16,29,6.5
Cletus McGarahan,Female,Engineering,433300,Mumbai,Very Good,21,28,6.5
Clifford Francis Nicholas,Male,Accounting,614300,New Delhi,Poor,7,28,3.3
Codi Beck,Female,Product Management,1058000,New Delhi,Very Good,11,36,14.7
Codie Gaunson,Male,Training,994700,New Delhi,Good,24,39,13.9
Col Sv Damle,Male,Accounting,688900,New Delhi,Good,17,36,4.4
Colby Reuven,Male,Engineering,869400,New Delhi,Average,25,36,2.1
Collet D'Mello,Female,Support,1181200,Bengaluru,Average,14,28,4.7
Collette Blackaller,Female,Marketing,911200,New Delhi,Poor,24,38,7.6
Collin Jagson,Male,Research and Development,414200,Mumbai,Good,16,36,14.3
Conchita Soden,Male,Training,860100,New Delhi,Average,27,36,12.3
Constantino Espley,Male,Support,300800,Mumbai,Average,16,33,12.4
Corabel Luberto,Female,Accounting,968000,Mumbai,Average,29,33,9.4
Cordelia Djuricic,Female,Legal,310900,Bengaluru,Average,20,32,1.9
Corina Triner,Male,Training,961400,Bengaluru,Good,20,36,3.9
Corinna Griffiths,Male,Research and Development,986400,New Delhi,Good,15,31,3.6
Cornie Arstall,Female,Sales,715100,Bengaluru,Good,13,35,11.7
Craggie Whistlecraft,Male,Legal,864900,New Delhi,Poor,19,32,0.2
Crissie Cordel,Female,Engineering,1032400,New Delhi,Good,19,39,0.7
Cristal Demangeot,Female,Sales,475500,New Delhi,Average,19,36,11.6
Cullie Bourcq,Female,Sales,784900,Mumbai,Average,17,28,7
Cyrillus Garci,Male,Engineering,610500,Mumbai,Average,8,38,3.7
Daisie Dahlman,Female,Product Management,363700,Bengaluru,Good,17,30,4.7
Daisie McNeice,Male,Business Development,472900,Mumbai,Average,26,37,9.3
Daisy Antony,Female,Sales,796500,New Delhi,Good,14,35,8.5
Daksh Chopra,Male,Product Management,1196600,Mumbai,Average,18,40,6.8
Damayanti Chandrakant Dhamale,Female,Support,432000,Mumbai,Average,16,39,15.9
Damien Netley,Male,Product Management,898300,New Delhi,Very Good,20,35,15
Dane Wudeland,Female,Accounting,915000,Bengaluru,Poor,4,38,7.6
Dangmei Grace,Female,Services,296700,Bengaluru,Very Good,15,34,4.6
Daphne Francillo,Male,Support,757200,Mumbai,Very Poor,23,39,7.6
Dare Tully,Male,Services,819000,Mumbai,Average,3,33,11.3
Daven Smout,Female,Human Resources,423800,New Delhi,Good,14,28,2.2
Dayalan Hemalatha,Female,Marketing,326200,New Delhi,Good,14,33,7.2
Dayanand Dattatray Shenavi,Male,Marketing,720400,Mumbai,Average,12,27,4.1
Dean Biggam,Female,Product Management,777400,Mumbai,Good,27,36,5.2
Debera Gow,Female,Business Development,1021400,New Delhi,Average,29,36,15
Deepak Sharma,Male,Legal,486300,New Delhi,Not Rated,23,30,3.4
Deepali Arun Bhanage,Female,Legal,1059600,Mumbai,Poor,17,41,0.4
Deepali Singh,Female,Research and Development,974000,Bengaluru,Good,17,38,1.4
Deepti Sharma,Female,Human Resources,994500,Mumbai,Average,22,37,11.2
Deepti Vinaya Urmila Singh,Female,Accounting,826700,New Delhi,Average,10,31,5.9
Delinda Snozzwell,Not Revealed,Marketing,992000,Bengaluru,Very Good,6,38,6.9
Dell Molloy,Male,Legal,1114800,New Delhi,Poor,12,32,6.6
Delora Arendt,Female,Research and Development,849400,New Delhi,Poor,28,35,3.4
Demetria Le Estut,Female,Support,953400,Bengaluru,Poor,6,29,8.9
Denni Wiggans,Male,Product Management,479600,New Delhi,Poor,4,38,14.5
Dennison Crosswaite,Male,Research and Development,567100,New Delhi,Average,12,27,0.4
Deokar Rajashree Sampat,Female,Human Resources,711800,Mumbai,Good,15,38,6.5
Deshpande Nilkanth Mukund,Male,Research and Development,781800,Bengaluru,Very Good,29,40,17.8
Desi Peniman,Female,Training,847500,Bengaluru,Average,12,31,4.1
Devanand Arjun Jiglekar,Male,Legal,989700,Bengaluru,Not Rated,8,36,7
Dewie Stodart,Male,Product Management,765600,New Delhi,Good,29,37,1.6
Dharurkar Neha Vivek,Female,Sales,359300,Mumbai,Average,20,27,2.2
Dhavase Nikhil Shyamkant,Male,Sales,1044100,New Delhi,Average,28,27,2.7
Dhawan Ashima Sunil,Female,Sales,846000,Mumbai,Very Poor,20,40,7.5
Dhrumi Gada,Female,Product Management,688000,Bengaluru,Poor,29,29,3
Dhruva Pathak,Female,Human Resources,865600,Mumbai,Average,6,34,13.1
Diarmid Alman,Female,Support,1073400,Mumbai,Average,28,39,13.4
Dike Sangita Changadeo,Female,Legal,1110500,Mumbai,Very Good,29,30,2.2
Dipali Manohar More,Female,Training,753200,Bengaluru,Very Poor,19,29,4.3
Dipali Prashant Baviskar,Female,Legal,579100,New Delhi,Average,25,35,13.9
Divyanshu Priyadarshi,Male,Legal,294900,Mumbai,Not Rated,16,33,5.5
Dnyaneshwar Ashokrao Gudadhe,Male,Human Resources,526700,New Delhi,Average,10,28,4.9
Doe Clubley,Female,Accounting,485300,Mumbai,Average,3,26,4.5
Dominic Ortler,Female,Research and Development,1054700,Mumbai,Average,24,32,10.1
Dua Sameer Giri,Male,Training,982000,Mumbai,Poor,12,32,10
Duffie Ibel,Male,Human Resources,1061900,Mumbai,Very Good,4,37,8.4
Duky Wallace,Male,Sales,526100,Bengaluru,Poor,11,34,5.1
Durand Backhouse,Female,Legal,634500,Mumbai,Good,24,30,4.5
Dushyant Patadiya,Male,Accounting,747100,Mumbai,Good,17,31,3.3
Dushyant Somvanshi,Male,Sales,603300,Bengaluru,Average,9,40,5.3
Easter Pyke,Female,Sales,610100,New Delhi,Average,8,39,7
Edd MacKnockiter,Male,Accounting,763000,New Delhi,Not Rated,1,28,3.4
Eddy Stolze,Male,Marketing,1170200,New Delhi,Average,24,39,9.7
Ede Mignot,Female,Marketing,771300,Bengaluru,Very Poor,26,29,7.8
Efrem Mathonnet,Female,Human Resources,1069300,Bengaluru,Average,12,36,0.8
Egor Minto,Not Revealed,Engineering,620900,Mumbai,Very Good,15,37,10
Eilis Pavlasek,Male,Marketing,613300,Bengaluru,Average,4,41,12.4
Ekta Bisht,Female,Training,416000,Mumbai,Not Rated,8,28,1.1
Elangbam Panthoi Chanu,Female,Marketing,1058700,Mumbai,Very Poor,6,37,2.4
Elia Cockton,Female,Human Resources,1183000,New Delhi,Average,26,29,7.1
Emanuel Beldan,Male,Research and Development,996800,New Delhi,Good,14,30,1.3
Emmanuel Westrey,Female,Sales,1015000,Mumbai,Good,4,38,4.1
Emmeline Bestwerthick,Female,Human Resources,461600,New Delhi,Average,22,31,5.2
Emmye Corry,Male,Sales,419300,Bengaluru,Average,22,35,6.1
Emory Whitten,Female,Business Development,733600,New Delhi,Average,3,36,9.3
Enrichetta Mowles,Female,Services,1195500,Mumbai,Good,26,31,6.8
Erin Androsik,Male,Human Resources,532400,Mumbai,Good,22,39,17.4
Erv Balmann,Female,Business Development,908800,New Delhi,Average,14,27,3.6
Erv Havill,Female,Support,476700,Mumbai,Average,3,40,5.1
Eshank Shah,Female,Training,477600,New Delhi,Average,28,39,18.5
Esmaria Denecamp,Male,Product Management,476500,Mumbai,Good,8,31,1.5
Euell Willoughley,Male,Services,1033600,Mumbai,Very Good,27,40,17.4
Evangelia Gowers,Male,Human Resources,485300,New Delhi,Poor,13,31,5.9
Evanne Levens,Male,Marketing,721600,New Delhi,Average,22,29,5
Evanne Sheryn,Female,Business Development,608000,Mumbai,Average,9,41,10.5
Evyn Fyrth,Male,Services,740100,New Delhi,Average,13,35,5.3
Eward Astlett,Male,Services,607600,Bengaluru,Very Good,18,40,18.4
Faina Durand,Male,Engineering,745500,Bengaluru,Average,4,39,19.3
Fairfax Wallsam,Not Revealed,Engineering,325000,Mumbai,Poor,1,38,1.5
Faiz Mohammadi Zaiqa,Female,Business Development,1100400,Bengaluru,Good,18,29,1.1
Farrel Vanyatin,Male,Legal,997500,New Delhi,Average,25,32,6.4
Faunie Sinton,Female,Human Resources,924700,New Delhi,Average,20,31,8.9
Fax Scotland,Female,Engineering,1099800,New Delhi,Average,17,39,10.3
Fedora Graffin,Male,Legal,417900,Mumbai,Average,15,37,15.4
Felicdad Heibel,Male,Support,863600,New Delhi,Very Poor,14,32,5.7
Felice McMurty,Female,Human Resources,655700,New Delhi,Very Good,18,34,12
Felipe Parkman,Female,Accounting,691600,New Delhi,Very Good,10,32,10.3
Fernandes Lydia Norbert,Female,Product Management,415700,Mumbai,Good,14,33,7.3
Fidela Dowey,Female,Sales,834000,New Delhi,Poor,3,28,6.8
Fidelio Rigmond,Male,Business Development,676600,New Delhi,Very Poor,5,30,7.6
Firdosh Aspi Roowalla,Male,Product Management,344700,Mumbai,Good,1,39,12.1
Floria Olivia,Female,Sales,382400,New Delhi,Not Rated,12,30,3.5
Florinda Crace,Female,Engineering,783800,Mumbai,Very Poor,5,31,6.2
Floyd Cowgill,Male,Business Development,725000,Bengaluru,Average,29,34,9.5
Fonzie O'Shea,Male,Engineering,1156400,Mumbai,Average,24,29,5.3
Forester Feakins,Male,Product Management,821200,Bengaluru,Average,1,35,5.4
Foss Asquez,Male,Services,1081600,Bengaluru,Good,25,30,8.8
Franchot Crocken,Female,Sales,1083600,Mumbai,Average,19,33,5.3
Frasier Straw,Male,Human Resources,778400,Mumbai,Poor,8,33,1.4
Frasquito Mosley,Not Revealed,Services,851800,New Delhi,Poor,17,36,12.9
Freda Legan,Female,Business Development,859200,Mumbai,Poor,19,35,12.4
Freddy Linford,Female,Human Resources,1064900,New Delhi,Average,17,34,0.5
Frederik Dartan,Male,Legal,385200,Bengaluru,Poor,19,28,5.1
G S Mani,Male,Training,495300,Bengaluru,Average,9,33,7.2
G V R Sruthi Sri,Female,Product Management,296100,Mumbai,Average,4,38,5.9
Gabie Millichip,Male,Training,841700,Mumbai,Good,21,34,2.3
Gaikwad Sachin Ramnath,Male,Support,921900,Mumbai,Average,17,33,6.1
Galande Snehal Mohan,Female,Human Resources,878500,New Delhi,Good,1,39,3.4
Gamaliel Ewins,Male,Business Development,437000,Bengaluru,Average,14,36,7.1
Gardy Eckersall,Male,Services,886900,Bengaluru,Not Rated,14,40,0.9
Gare Mattiussi,Male,Marketing,318200,Bengaluru,Average,5,39,18.9
Garey Bird,Female,Marketing,702300,New Delhi,Average,17,30,6.8
Gargi Balavant Joshi,Female,Legal,963200,Mumbai,Average,14,27,0.9
Garima Panwar,Female,Legal,907000,Mumbai,Very Poor,24,40,2.2
Gaultiero Have,Male,Services,679600,New Delhi,Average,19,34,4.3
Gaurav Khinvsara,Male,Services,1031100,New Delhi,Good,28,36,12.5
Gaurav Motwani ,Male,Engineering,596100,Bengaluru,Good,12,29,4.3
Gaurav Sabharwal,Male,Legal,665700,Mumbai,Poor,11,37,5.1
Gauri Balbhim Kulkarni,Female,Accounting,743900,New Delhi,Average,18,30,3.8
Gautam Shyam,Male,Engineering,670100,Mumbai,Good,14,35,8.2
Gearard Wixon,Male,Research and Development,1097100,Mumbai,Average,5,26,2
Geeta Abakash Sahu,Female,Product Management,1109100,Bengaluru,Average,2,40,18.5
Geetanjali. Gole,Female,Support,800600,New Delhi,Very Good,21,38,3.6
Genovera Ghost,Male,Training,997500,Bengaluru,Average,1,38,13.2
Ghule Babaji Gopala,Male,Sales,1082500,Bengaluru,Average,12,29,3.5
Giffer Berlin,Female,Product Management,1043400,New Delhi,Average,28,37,1.8
Gigi Bohling,Male,Product Management,384400,Bengaluru,Average,5,37,9.1
Gilles Jaquet,Female,Support,508000,Mumbai,Very Good,6,30,6.2
Ginger Myott,Female,Engineering,349800,Bengaluru,Good,17,34,7.3
Giram Surendra Krishnath,Male,Support,772600,Mumbai,Average,9,41,14.5
Girish Balkrishna Joshi,Male,Legal,1179400,Bengaluru,Average,22,40,10
Giselbert Newlands,Male,Legal,310400,Mumbai,Good,7,27,4.9
Golekar Pushkar Ramesh,Male,Services,963700,Bengaluru,Not Rated,25,32,2.3
Gosavi Sugandha Gopal,Female,Services,311700,Mumbai,Average,26,33,12.2
Gouri Suresh Ghotkar,Female,Business Development,1162400,New Delhi,Average,16,34,2.2
Govinda Heda,Male,Product Management,1151900,New Delhi,Very Poor,3,26,1.6
Gradey Litton,Female,Training,795700,New Delhi,Average,26,33,9.1
Grady Rochelle,Female,Training,956800,New Delhi,Very Good,18,28,2.9
Granny Spencelayh,Male,Accounting,1071100,Mumbai,Good,3,41,0.9
Griz Thorington,Male,Sales,661000,New Delhi,Poor,12,35,14.6
Gunar Cockshoot,Male,Legal,399600,Mumbai,Average,21,36,7.5
Gunjal Aniket Vasant,Male,Business Development,298900,New Delhi,Good,1,27,7
Gwenore Scotchmer,Female,Marketing,481700,Mumbai,Good,15,36,4.6
Hali Behnecke,Male,Services,992000,Bengaluru,Good,5,32,0.5
Halimeda Kuscha,Female,Legal,728400,Mumbai,Average,15,31,5.3
Hans Bucke,Male,Engineering,689700,New Delhi,Average,2,38,13.1
Harbir Singh ,Male,Marketing,890900,New Delhi,Good,4,30,4.1
Harini Shankar Nanda,Female,Business Development,1184500,New Delhi,Very Good,14,35,1.7
Harish Kumar Dubey,Male,Product Management,803600,New Delhi,Average,23,37,14.3
Harleen Deol,Female,Marketing,1047700,Mumbai,Average,2,27,1.5
Harmanpreet Kaur,Female,Accounting,704400,Mumbai,Very Good,5,37,10.4
Harwilll Domotor,Male,Support,569000,Mumbai,Average,15,36,0
Hatti Vezey,Female,Services,724500,Mumbai,Not Rated,8,29,6.5
Haven Belward,Male,Business Development,345000,Mumbai,Not Rated,15,35,8.1
Hedwiga Ingarfield,Female,Engineering,1188000,New Delhi,Very Good,5,29,7.3
Heena Wadhwa,Male,Research and Development,1150800,Mumbai,Very Good,27,26,2.1
Heigrujam Daya Devi,Female,Sales,395400,Bengaluru,Average,20,40,11.8
Helaine Lyddy,Male,Accounting,1064600,Bengaluru,Poor,27,32,3.5
Hema Matela,Female,Support,945300,Mumbai,Poor,8,29,2.4
Hemanshu Dave,Male,Business Development,715900,Bengaluru,Poor,26,27,6.6
Hildagard Reece,Female,Marketing,1049000,Mumbai,Good,9,29,4.3
Himanshi Srivastava,Female,Engineering,817900,Bengaluru,Not Rated,13,30,5.2
Himanshu Sunil Vaidya,Male,Support,330500,Mumbai,Average,19,34,3.9
Hinda Label,Female,Product Management,969200,Mumbai,Very Poor,2,40,12.5
Hinge Anuradha Pramod,Female,Accounting,984000,Bengaluru,Average,26,34,6.2
Hire Shalaka Kailash,Female,Human Resources,500200,Mumbai,Average,24,29,1
Hiwale Madhuri Sureshrao,Female,Training,712100,New Delhi,Average,1,40,10.4
Hobie Stockbridge,Male,Engineering,531800,New Delhi,Average,15,29,1.8
Hogan Iles,Female,Human Resources,1070200,New Delhi,Average,6,32,10.2
Honoria Cootes,Female,Research and Development,584000,Bengaluru,Average,26,36,6
Hoyt D'Alesco,Male,Accounting,490000,Mumbai,Good,22,36,8
Husein Augar,Female,Services,855300,New Delhi,Average,10,29,6.2
Ianthe Sayre,Male,Training,539500,Bengaluru,Poor,15,34,13
Ignacio Delion,Female,Services,411400,Bengaluru,Average,29,31,2.1
Inger Andriveaux,Not Revealed,Accounting,499200,New Delhi,Average,2,28,5.6
Ingunna Wainscoat,Male,Research and Development,397000,Bengaluru,Average,14,37,16.1
Irvine Blenkin,Male,Sales,535400,Mumbai,Poor,15,31,3.5
Irwin Kirsche,Female,Marketing,439000,New Delhi,Good,28,28,0.7
Isadora Maunsell,Male,Legal,727000,Bengaluru,Not Rated,28,32,11.6
Isidora Guido,Male,Human Resources,294200,New Delhi,Average,6,31,2.5
Israel Farndon,Male,Legal,582800,Mumbai,Average,19,26,3.2
Issiah Cradick,Male,Research and Development,679800,Bengaluru,Average,17,31,4.5
Itch Tinklin,Female,Legal,497600,Mumbai,Very Good,25,31,0.1
J Kalpana Reddy,Female,Services,699100,New Delhi,Good,8,38,16.9
Jabamani Tudu,Female,Training,1123700,New Delhi,Average,2,26,5.6
Jacklyn Andrioletti,Female,Legal,285800,Mumbai,Average,8,26,1.4
Jahida Javed Subhedar,Female,Accounting,435900,Mumbai,Poor,5,39,7.3
Jaime Dowe,Female,Training,788400,Bengaluru,Average,6,36,10.9
Jalaj Pachouly,Male,Human Resources,619900,Bengaluru,Not Rated,26,26,2
Jan Morforth,Male,Services,771000,New Delhi,Good,6,30,1.4
Janaya MacGinlay,Female,Marketing,660200,Bengaluru,Very Good,28,28,3.9
Janene Hairsine,Female,Support,709300,New Delhi,Average,19,40,3.9
Janhavi Chaudhary,Female,Legal,409800,New Delhi,Very Poor,8,30,7.1
Janhavi Kailas Mahale,Female,Marketing,489800,New Delhi,Very Poor,7,40,8.8
Janina Wolverson,Female,Training,1108200,New Delhi,Good,16,38,8.7
Javed Mehmood Subhedar,Male,Business Development,616900,Mumbai,Good,5,38,14.2
Jaymit Rawal,Male,Support,1048000,Bengaluru,Average,1,27,6.9
Jayshree Ashok Pande,Female,Accounting,562800,New Delhi,Poor,16,40,11
Jeane Blaszczak,Female,Engineering,883800,New Delhi,Good,13,28,4.8
Jeannie Petracco,Female,Engineering,525900,Bengaluru,Good,21,41,5.9
Jemimah Rodrigues,Female,Services,476500,Mumbai,Poor,7,40,1.8
Jessi Calterone,Male,Sales,723500,Mumbai,Good,28,26,0.8
Jessica Burditt,Female,Accounting,399400,Bengaluru,Average,2,38,2.4
Jessica Callcott,Female,Research and Development,281300,Mumbai,Poor,2,32,2.9
Jessika Jaycocks,Female,Engineering,694600,Mumbai,Very Good,27,27,6.2
Jhulan Goswami,Female,Services,1090300,Mumbai,Very Good,13,40,6.1
Jill Shipsey,Male,Product Management,664600,Bengaluru,Average,19,36,8.3
Jillana Gabbitis,Male,Training,508100,Mumbai,Not Rated,18,37,2.6
Jitendra Ramdas Bhosale,Male,Legal,1145100,New Delhi,Average,10,31,4.3
Jiza Ann Thomas,Female,Business Development,862300,Mumbai,Poor,27,37,10.7
Joana Bartocci,Male,Support,732400,New Delhi,Average,20,29,6.6
Jo-anne Gobeau,Female,Business Development,539200,New Delhi,Poor,9,34,12.6
Jobey Boneham,Female,Engineering,1136900,New Delhi,Average,12,41,3.8
Joli Jodrelle,Male,Business Development,1017900,Bengaluru,Average,20,38,11
Jolynn Behnecken,Female,Engineering,389300,Mumbai,Average,21,32,7.7
Jordain Cyster,Female,Human Resources,570900,New Delhi,Very Poor,17,28,5.5
Joshi Bhushan Shrikant,Male,Product Management,1061700,Bengaluru,Poor,21,31,4.7
Joshi Rujuta Milind,Female,Human Resources,595500,Mumbai,Average,7,33,10.6
Juanita Trembey,Not Revealed,Product Management,899600,Bengaluru,Poor,20,29,6.1
Jugal Kishore Anantlal Choudhary,Male,Support,588500,Bengaluru,Poor,22,26,4.3
Juhi Ameta,Female,Product Management,682000,Bengaluru,Average,6,40,17.6
Juhi Rajwani,Female,Marketing,901300,New Delhi,Good,19,36,7.5
K Ramakrishna,Male,Services,450600,New Delhi,Good,16,34,11.6
Kadam Komal Mohan,Female,Product Management,663700,Bengaluru,Average,4,39,1.1
Kai Ryder,Female,Services,858800,Mumbai,Good,15,32,1.8
Kailas Vala,Male,Support,592600,Bengaluru,Poor,19,35,4
Kaine Padly,Male,Legal,617900,Mumbai,Average,7,31,8.7
Kamal Das,Male,Training,481800,Mumbai,Good,2,35,9.4
Kamble Pratik Bibhishan,Male,Product Management,748000,Bengaluru,Very Poor,22,40,2.6
Kamble Tushar Tanaji Vaishali,Male,Business Development,310200,Bengaluru,Average,27,29,7.3
Kapse Rohini Subhash,Female,Product Management,375500,Mumbai,Average,24,27,2.4
Karale Sonali Gowardhan,Female,Support,1188400,Mumbai,Not Rated,22,33,1.5
Karan Sehgal,Male,Human Resources,795700,New Delhi,Average,19,39,7.5
Katey Cadany,Male,Business Development,940500,Bengaluru,Not Rated,21,34,0.3
Katya Hundy,Male,Product Management,812600,Mumbai,Average,12,35,5.8
Kay Edling,Male,Support,367100,Mumbai,Average,18,29,2.6
Kaye Crocroft,Male,Sales,983600,Mumbai,Very Poor,8,36,2.7
Kayley Southwell,Female,Human Resources,396800,Mumbai,Poor,10,37,12.7
Kelci Walkden,Male,Sales,1013900,New Delhi,Good,15,38,15.3
Kelley Rounds,Female,Business Development,807000,Mumbai,Good,28,36,13.2
Kellsie Waby,Male,Sales,780200,Bengaluru,Average,12,35,0.7
Kerwin Blakely,Male,Support,1154900,Mumbai,Poor,1,38,1.5
Khedkar Sagar Dnyandeo,Male,Product Management,1119100,Mumbai,Good,21,40,11.2
Khetre Subhash Namdev,Male,Services,1090500,New Delhi,Average,6,40,2.2
Khyati Vidwans,Female,Services,1093800,New Delhi,Average,18,37,3.8
Kienan Epinay,Male,Research and Development,697100,New Delhi,Average,9,41,13.6
Kiran Uttam Nikam,Male,Support,300000,New Delhi,Average,28,39,1.2
Kiran Wani,Male,Legal,576200,Bengaluru,Very Poor,14,40,2.2
Kirti Dinkar More,Female,Training,1011900,Mumbai,Average,19,29,6.8
Kissiah Maydway,Male,Legal,489800,Mumbai,Very Good,14,35,13.3
Kolhar Shrikrishna Ulhas,Male,Legal,1158400,Bengaluru,Not Rated,8,27,5.9
Konstantin Timblett,Female,Accounting,454500,New Delhi,Very Good,8,30,7.7
Konstanze Wyleman,Male,Support,541400,Mumbai,Average,9,40,13.9
Koral Gerriet,Male,Human Resources,1175200,New Delhi,Average,27,29,3.5
Krishna Jyotreddy Maguluri,Male,Accounting,932100,Bengaluru,Poor,28,36,1.7
Krishna Subudhi,Male,Support,1044700,Bengaluru,Not Rated,29,29,0.9
Krishnamohan Menon,Male,Training,1108900,Mumbai,Poor,8,38,3.8
Kristofor Powner,Male,Training,966600,New Delhi,Average,8,40,15.4
Krystal Lambswood,Female,Services,1183600,New Delhi,Average,17,37,13
Kulkarni Manjiri Arvind,Female,Support,880300,Mumbai,Average,11,33,3.3
Kumar Gaurav Sagar,Male,Product Management,878100,Mumbai,Not Rated,25,38,5
L;urette Bontein,Male,Business Development,515200,Mumbai,Average,8,28,3.1
Lahande Prathamesh Vijay,Male,Sales,602600,Mumbai,Not Rated,15,28,1.1
Lakshay Mehla,Male,Support,612100,New Delhi,Average,23,31,11.3
Lane Monteaux,Female,Research and Development,527500,New Delhi,Average,29,30,7.7
Larissa Ingledow,Male,Product Management,472700,New Delhi,Average,8,31,2.6
Latika Kumari,Female,Sales,1180600,New Delhi,Good,25,32,1.7
Latisha Jolly,Female,Marketing,373600,Bengaluru,Average,24,39,15.8
Layton Kierans,Male,Business Development,665100,New Delhi,Average,2,38,17.2
Leena Bruckshaw,Male,Marketing,295300,New Delhi,Very Poor,20,30,0.4
Leena Rakesh Jadhav,Female,Research and Development,604400,Bengaluru,Very Good,14,30,5.7
Leonidas Cavaney,Male,Engineering,905300,Bengaluru,Very Poor,20,41,9.9
Leslie Cardoso,Female,Training,679500,New Delhi,Very Good,2,38,15.5
Lia Lurner,Female,Accounting,1051200,New Delhi,Average,5,39,3.7
Liji Ravindran,Female,Training,605700,Bengaluru,Good,23,31,1
Lilyan Klimpt,Male,Training,1191100,New Delhi,Good,26,36,11.3
Lincoln Cord,Female,Services,1047700,New Delhi,Poor,10,38,1.4
Lindi Morfey,Male,Sales,703600,Bengaluru,Average,5,27,0.9
Linell Compfort,Female,Support,451100,Mumbai,Not Rated,1,28,2
Lishe Casemore,Male,Business Development,336300,Mumbai,Poor,20,32,1.2
Lisle Danahar,Not Revealed,Training,538700,Mumbai,Good,27,38,2
Lissy McCoy,Female,Engineering,1111900,Bengaluru,Average,10,34,4.4
Loitongbam Ashalata Devi (Captain),Female,Legal,299700,New Delhi,Average,5,30,6.6
Lokhande Ganesh Chandrakant,Male,Support,649600,Bengaluru,Average,15,36,13
Lorain Tew,Female,Product Management,1112300,Mumbai,Average,18,39,5.9
Loralyn Bruton,Male,Sales,995300,Mumbai,Average,14,30,4
Loren Bentote,Male,Research and Development,359800,Bengaluru,Very Good,8,27,1.4
Louise Lamming,Female,Marketing,657000,Mumbai,Very Poor,11,30,6.2
Luca Wolstenholme,Male,Services,1091700,Bengaluru,Good,3,34,7.8
Lucias Minico,Female,Support,950200,Bengaluru,Average,2,36,14.8
Ludovika Plaice,Male,Product Management,872900,New Delhi,Good,26,34,6.5
Madge McCloughen,Not Revealed,Engineering,971100,Mumbai,Average,1,27,6.9
Madhura Amarish Ayachit,Female,Research and Development,594300,Bengaluru,Average,15,37,6.3
Maggee Stiggles,Female,Marketing,1121200,Bengaluru,Average,11,35,4.7
Maggie Ruberti,Male,Research and Development,281600,Mumbai,Not Rated,12,26,4.2
Magnum Locksley,Female,Legal,758700,Bengaluru,Average,19,35,11.2
Mahajan Abha Ajay,Female,Support,932700,Bengaluru,Average,15,26,0.2
Mahantesh M Patil,Male,Training,427300,Bengaluru,Average,6,38,13.4
Mahesh Renguntwar,Male,Services,806100,Mumbai,Average,6,29,5.3
Maibam Linthoingambi Devi,Female,Services,690600,Bengaluru,Very Poor,22,39,14.1
Major O'Cahsedy,Female,Product Management,312800,Mumbai,Average,16,26,5.8
Malekar Rajeshwari Rajanish,Female,Business Development,966100,New Delhi,Very Good,12,30,9.6
Mallory Goldsberry,Male,Business Development,370200,New Delhi,Average,24,35,2.7
Malory Biles,Female,Training,549700,Bengaluru,Average,6,40,3.3
Mandle Satyajeet Balram,Male,Services,419100,Bengaluru,Poor,28,30,2.9
Mane Aishwarya Rajaram,Female,Support,1169700,Mumbai,Very Good,17,28,6.9
Mane Shilpkala Tulashiram,Female,Human Resources,863900,Mumbai,Good,18,40,19.7
Manesh. M,Male,Services,811500,Mumbai,Not Rated,19,36,2.6
Manish Chaturvedi,Male,Accounting,718200,New Delhi,Average,14,36,6.7
Manish Kumar Tamrakar,Male,Research and Development,854600,New Delhi,Average,21,40,8.9
Manisha Kalyan,Female,Business Development,911900,Bengaluru,Poor,9,34,4.9
Manisha Sahay,Female,Support,931600,Bengaluru,Average,25,26,4.5
Manisha Solanki,Female,Marketing,1109500,New Delhi,Poor,29,31,0.1
Manjit Samal,Female,Product Management,359900,Mumbai,Average,11,34,4.7
Manolo Gasnell,Male,Engineering,399700,New Delhi,Average,18,39,13.1
Mansi Joshi,Female,Training,795200,New Delhi,Average,10,31,3.2
Manwani Vandana Tulsidas,Female,Legal,521200,Mumbai,Poor,8,29,1.3
Marathe Vikas Ramchandra,Male,Support,600100,Bengaluru,Average,6,40,1
Marcia Muldrew,Female,Accounting,354400,Mumbai,Good,29,39,6.7
Marco Wooland,Female,Legal,1056100,Bengaluru,Poor,22,34,2.9
Margit Kunze,Male,Accounting,1132800,Mumbai,Good,22,28,3.5
Margot Royds,Female,Engineering,419800,Bengaluru,Average,19,28,5.2
Mariann Mowat,Male,Business Development,1036700,Bengaluru,Average,10,39,15.4
Marissa Infante,Not Revealed,Services,896900,New Delhi,Good,1,41,20.4
Marjie Bamford,Male,Research and Development,876200,Mumbai,Good,22,27,0.7
Marline Wahncke,Male,Research and Development,482500,New Delhi,Poor,19,36,7.3
Marmaduke Worssam,Female,Marketing,857800,Mumbai,Poor,11,32,5
Martita Beaumont,Male,Sales,540100,New Delhi,Poor,25,38,6.4
Mata Fishley,Male,Research and Development,310200,Mumbai,Average,20,34,4.3
Mayur Mukund Gaikwad,Male,Product Management,754800,New Delhi,Average,1,39,15.3
Meenakshi Nayak,Female,Human Resources,935000,Mumbai,Average,23,40,0.7
Megha Maheshwari,Female,Services,986300,Bengaluru,Good,5,33,11.8
Mehak Varmani,Male,Services,763900,Bengaluru,Average,16,29,0.2
Mehta Karan Atulkumar,Male,Marketing,680100,Mumbai,Average,28,40,18.5
Melisa Knott,Female,Human Resources,580300,New Delhi,Good,2,40,17
Melodie Torresi,Female,Training,593000,New Delhi,Good,29,34,13.4
Merrel Blind,Female,Product Management,518000,Mumbai,Average,9,30,8.8
Meryl Waggatt,Female,Accounting,579300,Mumbai,Very Good,1,33,0.4
Michaella Perri,Male,Engineering,405300,Bengaluru,Average,4,32,11
Michale Rolf,Male,Research and Development,482900,New Delhi,Average,17,35,7.4
Michelle Margaret Castanha,Female,Support,637200,New Delhi,Very Good,11,41,10.4
Mickey Pybus,Male,Sales,845000,New Delhi,Average,28,30,2.2
Milind Ashok Natu,Male,Accounting,674300,New Delhi,Average,4,27,5.9
Milind Baliram Bhore,Male,Support,1091200,New Delhi,Not Rated,25,30,4.4
Milind Girdhar Talele,Male,Business Development,697600,New Delhi,Average,5,38,10.9
Milind Vijay Parse,Male,Services,456000,New Delhi,Not Rated,12,37,3.8
Millie Fiveash,Female,Business Development,330300,Bengaluru,Good,25,30,7
Milton Lilie,Female,Business Development,801700,Bengaluru,Average,11,34,12.7
Mithali Raj,Female,Training,435100,New Delhi,Average,26,39,8.2
Mitragotri Pallavi Hrishikesh,Female,Sales,493900,Bengaluru,Average,17,28,8.2
Mohammad Alimullah Anwar,Male,Research and Development,479100,New Delhi,Average,14,28,2.1
Mohammad Bilal Tayeb,Male,Sales,357400,New Delhi,Good,6,38,7.2
Mohammad Salim,Male,Support,422400,Mumbai,Very Good,5,30,3.6
Mohammad Shah Omid,Male,Services,1171500,Bengaluru,Average,12,41,1.4
Mohanish Shah,Male,Engineering,365400,New Delhi,Good,26,35,3
Mona Meshram,Female,Research and Development,872900,New Delhi,Good,26,29,6.8
Monali Ramesh Sonawane,Female,Research and Development,857200,Mumbai,Average,25,35,4.2
Monica Chouksey,Female,Engineering,346200,New Delhi,Very Good,14,37,12.9
Monika Diwakar,Female,Training,626900,Bengaluru,Poor,3,37,3.2
Monti Burdus,Female,Research and Development,302500,New Delhi,Average,27,32,3.4
Moore Gligoraci,Female,Business Development,295300,Bengaluru,Not Rated,27,27,5.4
Mord Cromblehome,Male,Business Development,1031600,New Delhi,Good,3,39,0.6
More Ranjeet Dattatraya,Male,Legal,1097900,New Delhi,Average,19,27,1.9
Mounika P A,Female,Accounting,337600,Mumbai,Average,1,39,5.6
Mrinmoy Chakraborty,Male,Legal,367400,New Delhi,Average,21,39,3.5
Mukesh Kumar,Male,Product Management,312400,Mumbai,Poor,16,35,9.9
Mukti Prakash Behera,Male,Legal,757300,New Delhi,Not Rated,1,26,5.1
Muneshwar Rajesh Niranjan,Male,Engineering,508600,Mumbai,Not Rated,16,36,15.6
Murial Ickovici,Female,Services,842000,Mumbai,Good,27,30,9.5
Musale Shilpa Madhukar,Female,Legal,959800,Bengaluru,Average,21,39,2.8
Nananne Gehringer,Not Revealed,Product Management,659200,New Delhi,Good,5,40,4.2
Nanice Boatwright,Not Revealed,Legal,1136200,Bengaluru,Poor,2,37,1.7
Nannaware Shatabdi Chandramani,Female,Sales,601400,Mumbai,Average,8,36,2.2
Naoma Cruse,Male,Research and Development,924500,New Delhi,Not Rated,15,39,1.4
Napte Kiran Malhari,Male,Human Resources,346500,Mumbai,Average,13,37,6.6
Narasimha Rao N,Male,Services,847400,Bengaluru,Average,9,39,7.9
Narendra Babu Bommenahalli Veerabhadrappa,Male,Business Development,883600,Bengaluru,Average,4,26,2
Naresh Kumar,Male,Services,1162200,Bengaluru,Poor,15,30,6.9
Neelam,Female,Services,1068900,New Delhi,Average,7,35,13.4
Neeti Gupta,Female,Marketing,1074400,New Delhi,Poor,21,31,1.7
Neha Dhruv Agarwal,Female,Human Resources,298100,New Delhi,Average,18,29,0.7
Neha Poddar,Female,Training,1053300,Bengaluru,Poor,29,40,3.9
Neha Saini,Female,Legal,431100,Bengaluru,Average,6,40,9.6
Nema Kumari,Female,Support,526300,Mumbai,Average,1,31,7.8
Nerissa Kavanagh,Male,Sales,463500,New Delhi,Average,15,36,15.5
Nessi Delves,Male,Human Resources,1081700,New Delhi,Not Rated,24,37,11.6
Nganbam Sweety Devi,Female,Services,697300,New Delhi,Very Poor,10,37,16.8
Ngangom Bala Devi,Female,Product Management,1102000,Mumbai,Average,19,29,5.4
Niall Selesnick,Female,Legal,1160900,New Delhi,Not Rated,3,38,9.1
Nickolai Artin,Female,Business Development,521400,Mumbai,Average,5,38,10.5
Nicol Giacomi,Female,Engineering,328100,New Delhi,Average,10,36,7.9
Nicola Kiely,Female,Sales,594300,Bengaluru,Average,28,35,2.1
Nicole Blowfelde,Female,Legal,469900,New Delhi,Average,20,33,6.9
Nicolis Winspire,Male,Sales,335600,New Delhi,Average,24,31,9.5
Nidhi Shah,Female,Sales,338900,Mumbai,Average,3,29,2.5
Nikam Harshwardhan Sudhakar,Male,Training,517400,New Delhi,Poor,22,30,8.2
Niko MacGille,Female,Accounting,516500,Mumbai,Good,15,26,3.2
Niles Mahomet,Female,Research and Development,1159800,Mumbai,Good,26,28,6.3
Nilesh Sathe,Male,Sales,583700,New Delhi,Good,7,37,15.9
Ninad Insulkar,Male,Product Management,1066700,Bengaluru,Average,8,36,7.7
Nisha Trivedi,Female,Accounting,448500,New Delhi,Very Good,17,34,10.9
Nishita Jain,Female,Accounting,756000,Mumbai,Average,5,31,7.9
Nitin Ranjan,Male,Product Management,691200,Mumbai,Average,25,26,2.6
Nivedita Mishra,Female,Human Resources,312000,Mumbai,Very Poor,27,38,16.9
Nollie Courteney,Male,Services,421600,Bengaluru,Very Good,27,28,5.8
Nongmaithem Ratanbala Devi,Female,Services,1108300,New Delhi,Average,29,36,10.8
Norrie Grahl,Not Revealed,Marketing,831800,New Delhi,Average,29,31,4.3
North Bertomeu,Female,Research and Development,467500,Mumbai,Good,17,41,14.6
Northrup Aires,Female,Business Development,785400,New Delhi,Average,12,37,12.5
Novelia Pyffe,Male,Human Resources,1069300,Mumbai,Very Poor,7,38,4.5
Nupur Khanna,Female,Research and Development,770000,Bengaluru,Average,15,38,4.6
Nuzhat Parveen,Female,Product Management,749200,Bengaluru,Average,22,32,2
Oates Dinan,Female,Accounting,365500,New Delhi,Average,28,26,6.1
Oliy Feeney,Female,Accounting,959500,Mumbai,Average,10,28,2.8
Ollie Schirak,Male,Services,858800,Bengaluru,Very Good,19,30,0.3
Ondrea Banfield,Female,Sales,779100,New Delhi,Average,18,32,4
Oran Buxcy,Female,Human Resources,1166700,New Delhi,Average,8,35,4.1
Orlando Gorstidge,Male,Support,719200,Mumbai,Poor,10,34,12.4
Orran Gritskov,Female,Sales,393400,New Delhi,Good,6,32,12.2
Orton Livick,Male,Human Resources,1034900,Mumbai,Good,8,39,18.2
Ottilie Vittel,Female,Legal,877400,New Delhi,Average,15,31,5.4
Pallavi Mohan Budgude,Female,Marketing,1139800,Bengaluru,Poor,27,28,7.8
Pallavi Prakash Sherkar,Female,Engineering,416000,Mumbai,Good,9,37,15.7
Pancho De Ortega,Male,Engineering,1144700,Bengaluru,Very Good,17,29,1.2
Pandurang Galande,Male,Marketing,310500,New Delhi,Good,18,31,6.8
Pankaj Tanwar,Male,Training,766200,Mumbai,Average,11,34,1.8
Pardeshi Aarti Shailendrasingh,Female,Engineering,761900,Mumbai,Poor,26,31,8.6
Paresh Ranka,Male,Research and Development,504500,Bengaluru,Average,6,35,14.3
Parva Bharwada,Female,Services,293300,New Delhi,Average,8,33,3.7
Patel Nadeem Amin,Male,Marketing,769300,Mumbai,Average,15,27,2.3
Pathan Rais Dilawar,Male,Human Resources,338000,Mumbai,Average,9,28,1.1
Patil Amruta Bajirao,Female,Marketing,448200,Mumbai,Average,13,29,8.1
Patil Chetan Ganjidhar,Male,Research and Development,843100,Bengaluru,Average,3,34,5.8
Patricia Dwelly,Male,Legal,1086000,Mumbai,Very Good,17,30,1.9
Pawar Abhay Shashikant,Male,Product Management,470000,Mumbai,Good,18,32,7.2
Pawarkar Ravindra Dattu,Male,Product Management,598100,Bengaluru,Average,27,30,7.8
Payton Pickervance,Male,Legal,903400,New Delhi,Average,25,34,8.7
Pearla Beteriss,Male,Legal,642700,Mumbai,Average,6,33,4.8
Pedro Carluccio,Male,Accounting,1039900,New Delhi,Very Good,2,31,4.5
Peeyush Singhal,Male,Sales,703800,Bengaluru,Good,23,30,0.9
Pembroke Siflet,Female,Legal,890200,Bengaluru,Average,19,36,14.3
Peria Revey,Not Revealed,Legal,1137500,New Delhi,Average,4,31,9.2
Philis Rowlstone,Female,Engineering,327200,New Delhi,Average,4,31,5.6
Phillipp Nekrews,Male,Services,619200,New Delhi,Average,6,28,3.6
Pippy Roxby,Female,Marketing,746000,Bengaluru,Very Good,5,35,3.7
Pisal Hemant Chandrahar,Male,Training,380300,Mumbai,Average,10,27,5.5
Piyush Asthana,Male,Services,309400,New Delhi,Very Poor,22,28,4.3
Pooja Vastrakar,Female,Services,288700,New Delhi,Average,7,26,0.2
Poonam Raut,Female,Marketing,712100,Mumbai,Very Good,3,32,5.3
Poonam Santosh Pawar,Female,Training,634500,New Delhi,Good,26,27,5.8
Poonam Yadav,Female,Services,879300,Mumbai,Very Poor,10,33,3.8
Prachi Manohar Kapte,Female,Business Development,1016100,New Delhi,Average,7,35,4.4
Prachi Rajpurkar,Female,Services,283100,Mumbai,Average,8,34,6
Pradeep Kumar Meena,Male,Legal,898400,Mumbai,Very Good,4,40,16.7
Pradhan Mugdha Dileep,Female,Support,962500,Bengaluru,Average,27,28,3.9
Pragya Saxena,Female,Product Management,1124600,New Delhi,Poor,3,36,9.1
Pranav Chhaya,Male,Human Resources,1154400,Mumbai,Average,7,28,1.7
Pranoti Arvind Kulkarni,Female,Training,339200,New Delhi,Average,23,40,7.9
Prashanti Banerjee,Female,Support,462800,Bengaluru,Average,10,33,10.2
Pratik Thacker,Male,Support,589400,New Delhi,Average,7,40,6
Preeti Mishra,Female,Marketing,1189800,Mumbai,Not Rated,8,34,11.5
Prem Dhage,Male,Sales,967500,New Delhi,Average,29,37,4.6
Prenkesha,Female,Legal,1012200,New Delhi,Good,13,26,1.7
Prerna Goyal,Female,Product Management,630200,Mumbai,Average,20,29,7
Pritesh Ashok Arte,Male,Business Development,759200,New Delhi,Good,2,30,3.3
Priti Gupta,Female,Legal,930800,Bengaluru,Average,23,29,8.1
Priya Punia,Female,Sales,688600,Bengaluru,Good,22,27,3.6
Priya Sachin Jadhav,Female,Engineering,1189800,Mumbai,Poor,5,34,11
Priyamabda Praharaj Ananga,Female,Legal,1064600,Bengaluru,Good,23,35,9.7
Priyanka Majumdar,Female,Business Development,706500,New Delhi,Good,20,30,3.6
Priyanka Satish Bendigiri,Female,Sales,770500,Mumbai,Good,17,28,2.8
Puja Singh,Female,Legal,893600,Mumbai,Good,29,27,2.1
Punam Ananda Salunkhe,Female,Legal,378400,New Delhi,Poor,28,40,3.1
Puneet Kumar,Male,Business Development,891600,Mumbai,Average,3,34,3.2
Pyotr Lightewood,Male,Training,741100,New Delhi,Very Good,11,28,3.4
Quentin Ferraresi,Female,Services,316300,New Delhi,Poor,7,38,6.8
Quintina Kilgannon,Female,Research and Development,409100,Mumbai,Poor,12,26,3.6
Radcliffe Fairpool,Female,Sales,321900,New Delhi,Average,12,39,6.9
Radha Yadav,Female,Human Resources,734900,New Delhi,Poor,24,38,7.7
Radhalekshmi Umeshkrishna,Male,Product Management,522200,New Delhi,Average,5,31,9.7
Rahi Mukund Ajabe,Female,Support,689000,Mumbai,Average,27,38,8.5
Rahul Mailcontractor,Male,Sales,837500,Mumbai,Average,3,36,12.3
Rahul Singh Gautam,Male,Support,1109700,New Delhi,Not Rated,10,27,2.7
Rajesh Jaiswal,Male,Business Development,495200,Mumbai,Average,23,35,6.9
Rajeshwari Gayakwad,Female,Business Development,865600,New Delhi,Average,5,35,8.9
Rajiv Dhawan,Male,Support,358300,New Delhi,Average,18,39,13
Rajni Pathak (Old Miishra),Female,Support,539100,New Delhi,Good,22,37,0.7
Rakhi Kherwasiya,Female,Engineering,1098700,New Delhi,Average,2,40,14
Rakhi Yashwant Jadhav,Female,Engineering,616200,Mumbai,Average,22,31,3.8
Raman Kalra,Male,Human Resources,679600,Mumbai,Average,21,32,3.5
Ramprrasadh Goarty,Male,Training,570000,Mumbai,Very Poor,29,31,8.4
Ranabir Sen,Male,Sales,706100,Bengaluru,Average,5,38,16.5
Rashmi Batra,Female,Training,518600,Mumbai,Good,27,32,4.3
Rashmi Lad,Female,Engineering,601300,Mumbai,Average,19,33,4
Rasia Fryatt,Female,Research and Development,720400,New Delhi,Poor,18,27,6.2
Raut Hema Dhondiram,Female,Product Management,1084500,Bengaluru,Good,13,27,7.1
Ravi Bhushan,Male,Marketing,582600,Mumbai,Average,17,33,6.2
Ravi Kalpana,Female,Research and Development,700200,Mumbai,Average,5,36,5.5
Ravi Vanka,Male,Human Resources,356700,New Delhi,Average,9,29,3.4
Reena McKernan,Female,Accounting,676300,Mumbai,Average,12,34,4.7
Reggie Taylerson,Male,Human Resources,823000,New Delhi,Not Rated,25,31,8.4
Reinald Franken,Female,Business Development,1148700,Bengaluru,Not Rated,26,40,3
Renaldo Thomassin,Male,Sales,710300,Bengaluru,Average,23,31,7
Rey Chartman,Female,Support,856700,New Delhi,Average,1,28,4.2
Richy Gray,Female,Business Development,617000,New Delhi,Average,10,36,11.6
Rina Chakraborty Ghosh,Female,Legal,661400,Mumbai,Good,8,37,10.9
Rishav Raj,Male,Marketing,518600,New Delhi,Good,12,32,6.4
Ritu Rani,Female,Legal,612100,New Delhi,Not Rated,14,35,2.8
Robbert Mandrier,Female,Business Development,689800,New Delhi,Average,12,28,5.5
Roddy Speechley,Male,Accounting,296100,Mumbai,Average,4,28,0.7
Rodrigo Congdon,Female,Engineering,1144300,Bengaluru,Good,25,34,5.9
Rohit Bohra,Male,Product Management,537600,Mumbai,Average,8,28,4.7
Rohit Nigam,Male,Sales,913100,Mumbai,Average,24,33,1.7
Rois Garrigan,Male,Services,1178400,New Delhi,Average,9,38,10.5
Romona Melody,Female,Product Management,318300,Bengaluru,Average,9,31,5
Ronak Rajgor,Male,Legal,329800,Bengaluru,Not Rated,17,38,5.3
Ronnie Mesias,Male,Engineering,473600,Mumbai,Poor,9,37,14.4
Rosaline Wenderott,Female,Engineering,867400,Bengaluru,Very Good,19,30,6.7
Rosamond Fishe,Male,Support,874000,New Delhi,Average,24,30,5.8
Rose Shurrocks,Female,Business Development,750900,Bengaluru,Average,24,34,1
Roselle Wandrach,Male,Accounting,780200,New Delhi,Average,4,31,4
Ruby Cracie,Male,Research and Development,923400,New Delhi,Good,15,41,8.9
Ruchika Sharma,Female,Business Development,588300,Mumbai,Poor,13,30,0.6
Rudyard Tomsa,Female,Research and Development,321400,New Delhi,Good,4,33,3
Rushikesh Raosaheb Satpute,Male,Accounting,1025200,Mumbai,Poor,16,39,2.2
Ruth Tryphosa,Female,Human Resources,795900,Mumbai,Very Poor,26,29,6.6
Ruthanne Beadnell,Female,Support,289700,Bengaluru,Very Good,11,37,1.3
Ryon Baroch,Male,Human Resources,927000,New Delhi,Average,26,29,3.3
Sabina Scorrer,Female,Accounting,361500,New Delhi,Poor,19,30,1.3
Sachin Madhavi,Male,Accounting,529600,Bengaluru,Average,9,41,16.2
Sachin Sharma,Male,Product Management,319200,New Delhi,Average,29,38,7.8
Sagar Joshi,Male,Product Management,1042100,Mumbai,Very Good,4,34,9.4
Sahu Pushpa,Female,Marketing,407500,Bengaluru,Very Poor,26,29,3
Sandeep Pradeep Gajendragadkar,Male,Training,980200,Mumbai,Very Good,25,35,13
Sandhane Raghvendra Ravindra,Male,Sales,966200,Bengaluru,Poor,15,31,6.1
Sandhiya Ranganathan,Female,Research and Development,404000,Mumbai,Very Good,15,33,10
Sandie Anthonies,Male,Product Management,812200,Bengaluru,Poor,27,40,16.4
Sangita Basfore,Female,Training,338400,Bengaluru,Not Rated,20,36,0.9
Sangram Kesari Samal,Male,Research and Development,758800,Bengaluru,Average,4,28,6.3
Sanjida Quader,Female,Engineering,813800,Bengaluru,Not Rated,4,39,0.7
Sapna Ramchandra Shinde,Female,Research and Development,714900,Mumbai,Not Rated,3,37,17.2
Sarajane Peachey,Female,Product Management,919300,New Delhi,Average,25,30,9.9
Sarajane Scourge,Female,Engineering,1077900,New Delhi,Average,2,36,9.3
Sarene Creeboe,Male,Product Management,699700,Mumbai,Average,17,36,16.1
Sarita Subir Chakraborty,Female,Accounting,1141800,Bengaluru,Very Good,19,38,10.5
Sathe Chaitanya Arun,Male,Human Resources,853300,Mumbai,Average,2,30,4.9
Saundra O'Connel,Male,Sales,368200,Mumbai,Good,19,32,8.2
Saurabh Ashok Deshpande,Male,Marketing,1168900,New Delhi,Average,15,32,5.2
Sayak Pal,Male,Research and Development,787100,New Delhi,Poor,8,30,5.3
Sayyad Sameer Mushtakali,Male,Accounting,864700,New Delhi,Average,12,29,4.6
Senthilmurugan R,Male,Support,771100,Mumbai,Average,9,35,13.1
Seward Kubera,Male,Product Management,865700,New Delhi,Very Poor,22,33,6.8
Shafali Verma,Female,Business Development,1178500,New Delhi,Good,3,37,16.7
Shalu Purswani,Female,Marketing,1165000,Bengaluru,Not Rated,15,26,2
Shalu Rajdev,Female,Accounting,800300,New Delhi,Poor,27,33,4.9
Shana Bewly,Female,Human Resources,763200,Bengaluru,Good,3,40,15.9
Shari McNee,Male,Support,1107300,Mumbai,Very Good,28,36,15.8
Shari Pickston,Male,Training,869900,Mumbai,Poor,25,38,0.4
Sharity Brands,Male,Marketing,744100,Mumbai,Good,14,40,6.5
Shaun Kyrkeman,Male,Marketing,876100,Bengaluru,Good,18,37,13.6
Shay Chasney,Male,Business Development,1033400,Mumbai,Good,11,36,7.1
Shaylah Owbrick,Male,Business Development,464700,New Delhi,Average,15,28,1
Shaylyn Ransbury,Female,Legal,1082900,Mumbai,Very Poor,7,29,8.6
Shayne Stegel,Male,Engineering,786400,Bengaluru,Good,6,30,3
Shea Mix,Male,Sales,759900,New Delhi,Average,22,29,2.9
Sheetal More,Female,Sales,552800,New Delhi,Average,15,40,18.4
Shekhar Mogal,Male,Accounting,980100,Bengaluru,Average,27,27,2.3
Shelar Dipak Ankush,Male,Human Resources,503100,New Delhi,Average,10,39,16.6
Shelley Moncreiffe,Male,Marketing,913600,New Delhi,Average,9,39,4.8
Shellysheldon Ellerman,Female,Accounting,1159200,Mumbai,Good,8,36,12.3
Shevada Laxmikant Kailas,Male,Engineering,568700,Bengaluru,Poor,3,40,15.6
Shikha Pandey,Female,Support,759700,Mumbai,Very Good,19,29,6.8
Shilpi Awasthi,Female,Accounting,522700,New Delhi,Good,28,34,13
Shinde Mahesh Jayant,Male,Business Development,397800,Bengaluru,Not Rated,14,32,10.6
Shinde Swapnil Ramesh Chhaya,Male,Services,589600,Bengaluru,Average,6,39,15.5
Shiralkar Kedar Janardan,Male,Training,379000,Mumbai,Good,26,28,0.7
Shishir Kumar,Male,Sales,455100,Mumbai,Good,16,34,12.2
Shishir Sudershan Tiwari,Male,Product Management,666100,Mumbai,Average,3,34,0.3
Shital Avinash Patil,Female,Sales,441200,Bengaluru,Very Poor,15,32,2.1
Shiv Chauhan,Male,Services,322700,Mumbai,Average,18,40,13.6
Shivangi Kishor Gogte,Female,Engineering,371300,Bengaluru,Not Rated,15,34,6.9
Shiwanki Joshi,Female,Sales,455900,Mumbai,Good,28,26,2.7
Shradha Murlidhar Deshmukh,Female,Accounting,940700,Mumbai,Average,14,39,6.7
Shree Jain,Female,Services,412200,Bengaluru,Average,27,36,6
Shreyas Juyal,Male,Accounting,1199300,Bengaluru,Average,12,27,3
Shridhar Pandharinath Kudale,Male,Engineering,948200,Mumbai,Average,11,39,15.5
Shruthi Mohan Menon,Female,Accounting,388300,New Delhi,Good,10,39,4.1
Shweta Dasgupta,Female,Engineering,288700,Mumbai,Very Good,6,37,4.5
Shweta Patil,Female,Marketing,707600,Bengaluru,Good,27,41,15.1
Shweta Saklany,Female,Research and Development,715400,New Delhi,Average,13,38,13.2
Sibyl Dunkirk,Female,Research and Development,1046800,Bengaluru,Average,12,27,4
Siddhant Gupta,Male,Training,633700,Bengaluru,Average,4,41,18.9
Sidiqullah Barikzai,Male,Business Development,1064000,Bengaluru,Average,4,29,6.7
Silva Monte,Male,Marketing,369200,New Delhi,Average,12,27,3
Simon Kembery,Male,Human Resources,578200,New Delhi,Average,21,40,3.8
Sissy Muehle,Female,Business Development,937400,New Delhi,Average,19,32,1.9
Sivaraman S,Male,Training,939600,New Delhi,Poor,26,41,17.6
Sly Cowley,Male,Marketing,1072200,Bengaluru,Average,22,40,2.6
Smita Badve,Female,Training,901500,Mumbai,Very Good,10,27,4.3
Smita Khade,Female,Engineering,940200,Mumbai,Good,12,31,0.5
Smriti Mandhana,Female,Marketing,429700,Bengaluru,Good,19,28,0.8
Smriti Shukla,Female,Legal,334100,New Delhi,Average,17,36,10.7
Sneh Rana,Female,Product Management,1196700,Bengaluru,Average,1,36,0.1
Sohan Chowdhury,Male,Accounting,1153800,New Delhi,Average,16,30,1.2
Somesh Lund,Male,Support,750100,New Delhi,Good,20,36,13.5
Sonali Jayprakashji Bagade,Female,Accounting,1041200,Mumbai,Good,13,37,15.8
Sonkamble Rahul Ganpatrao,Male,Research and Development,826800,Bengaluru,Very Poor,8,39,16.4
Sonkusare Yatin Prabhakar,Male,Accounting,522500,New Delhi,Very Poor,18,28,7.2
Sorokhaibam Ranjana Chanu,Female,Sales,831900,Bengaluru,Average,5,40,8.5
Soumava Pal,Female,Accounting,835900,Mumbai,Poor,6,37,12.3
Sridhar Vemulawada,Male,Research and Development,1077000,Mumbai,Very Good,29,29,3.7
Srishti Luthra,Female,Sales,1021300,New Delhi,Average,2,30,6.4
Stan Tolliday,Female,Engineering,743600,Bengaluru,Good,23,40,13.6
Steven Labat,Male,Services,423100,Mumbai,Not Rated,15,29,1.1
Sujata Sachin Ambekar,Female,Engineering,784400,Bengaluru,Poor,10,33,8.9
Sukeshini Baban Khandagale,Female,Support,1137600,New Delhi,Good,18,29,4.7
Sumana Bose,Female,Services,938800,New Delhi,Average,21,31,2.9
Sumana Dhirendra Nath Acharya,Female,Legal,850000,New Delhi,Poor,9,34,9.6
Sumit Marotrao Tak,Male,Human Resources,725500,Bengaluru,Average,1,27,3.8
Sumithra Kamaraj,Female,Legal,723600,New Delhi,Poor,19,31,9.8
Sunaina Srivastava,Female,Accounting,1148900,Mumbai,Average,28,26,4.9
Suryavanshi Akash Rameshbabu,Male,Marketing,1075800,Mumbai,Poor,15,30,4.9
Sushma Nareshsingh Parihar,Female,Research and Development,360400,Mumbai,Average,12,32,0.8
Sushma Verma,Female,Product Management,350100,New Delhi,Average,14,31,4.4
Susy Challoner,Female,Research and Development,742800,Bengaluru,Average,1,28,3.6
Swapnil Agrawal,Male,Research and Development,1157900,Bengaluru,Very Poor,26,33,6.2
Swati Tayal,Female,Support,383300,Bengaluru,Average,17,34,8.3
T R Anandan,Male,Business Development,702700,Mumbai,Very Good,23,27,6.3
Tabbatha Pickston,Male,Support,370600,New Delhi,Average,1,36,9.6
Tadio Dowdle,Female,Research and Development,581000,New Delhi,Very Good,2,37,13.3
Tak Pradnya Pandit,Female,Support,997800,New Delhi,Very Good,25,36,15.3
Talele Pallavi Laxmikant,Female,Accounting,1190200,Bengaluru,Poor,2,36,9.7
Tallie Chaikovski,Male,Engineering,929400,Bengaluru,Good,5,33,2.3
Tamara Couvet,Female,Training,596700,New Delhi,Not Rated,11,39,3.4
Tammi Lackham,Female,Marketing,774700,New Delhi,Good,26,31,6.7
Tanmoy Goswami,Male,Engineering,456500,Bengaluru,Good,17,37,10.3
Tanvi Godbole,Female,Engineering,884300,Bengaluru,Average,20,40,14.5
Tarrah Wordsworth,Female,Human Resources,368800,New Delhi,Good,20,34,9.7
Tarun Kumar ,Male,Services,1118200,Bengaluru,Very Good,29,33,8.3
Tatum Hush,Female,Human Resources,928700,Mumbai,Average,11,33,11.8
Tehsin Karbhari,Male,Business Development,1003600,Bengaluru,Average,15,38,8.1
Thekla Lynnett,Male,Business Development,489500,Mumbai,Good,11,27,3.6
Timmy Brenston,Male,Sales,528100,Mumbai,Poor,10,37,7.5
Titir Das,Female,Legal,785600,New Delhi,Very Poor,26,34,12.4
Toby Brodhead,Female,Support,752800,New Delhi,Average,18,28,5
Toby Micklewright,Male,Training,931300,New Delhi,Poor,6,35,14.9
Torrance Collier,Female,Business Development,1052900,New Delhi,Very Poor,20,36,6.2
Townie Dongall,Male,Training,1083400,New Delhi,Not Rated,16,31,3.6
Tracy Renad,Female,Business Development,1014200,Bengaluru,Average,20,35,3.5
Trey Jurges,Female,Business Development,547800,New Delhi,Very Good,4,35,1.1
Tris Hynard,Female,Support,635600,Mumbai,Very Good,17,26,0.2
Trix Lutsch,Male,Research and Development,684800,Bengaluru,Poor,26,34,8.7
Tushar Mane,Male,Legal,994600,Mumbai,Average,7,28,7
Twila Roantree,Female,Services,1004200,Mumbai,Poor,26,40,11.6
Tyson Prescote,Male,Human Resources,396500,Mumbai,Average,5,40,10.1
Ulick Maingot,Female,Training,562500,Mumbai,Average,2,29,4.7
Uma Pratap Madje,Female,Marketing,576400,Mumbai,Average,20,30,2.1
Umang Pawa,Male,Engineering,431500,Mumbai,Very Good,29,40,13.1
Vaishali Narasingh Kalyankar,Female,Accounting,1060800,Mumbai,Not Rated,24,27,4.6
Vandana Patyal,Female,Sales,295900,New Delhi,Good,16,36,10.3
Vassili Flay,Not Revealed,Accounting,862400,Bengaluru,Average,29,33,8.2
Vavhal Jeevak Sambhu Vavhal,Male,Product Management,364800,Mumbai,Average,26,33,1.1
Venkatamrudula Bhimavarapu,Female,Marketing,485900,New Delhi,Very Poor,22,29,1.1
Vere Kulic,Male,Engineering,416700,Bengaluru,Average,29,34,3.2
Vernor Atyea,Female,Research and Development,622800,New Delhi,Not Rated,6,36,8.9
Vidyadhar Raghavan,Male,Services,920100,Mumbai,Very Poor,12,35,12.4
Vijay Prabhu,Male,Training,595600,New Delhi,Very Good,26,27,6.2
Vijayatai Dharmaraj Hukare,Female,Engineering,1148100,New Delhi,Average,22,40,6.9
Vinayak S ,Male,Product Management,668700,Mumbai,Not Rated,18,31,10.2
Vineet Shastry,Male,Human Resources,1137900,New Delhi,Very Poor,22,39,7.6
Violetta Vial,Male,Legal,382500,New Delhi,Average,9,29,6.7
Vipul Khajuria,Male,Support,480900,Mumbai,Not Rated,4,34,8.5
Virginia McConville,Female,Accounting,996300,Mumbai,Average,4,38,17
Vishal Sharad Kumbhar,Male,Product Management,863400,Mumbai,Poor,11,35,6.6
Vishnupant Sangappa Potdar,Male,Sales,885900,Mumbai,Average,26,29,5
Vishwanath C Patil,Male,Support,611000,New Delhi,Average,10,37,3.4
Vlad Strangeway,Male,Product Management,712400,Mumbai,Average,17,35,6.5
Von Boeter,Male,Sales,1146500,New Delhi,Very Poor,11,31,3.4
Wald Bountiff,Female,Human Resources,769000,Mumbai,Very Good,19,35,4.8
Wangkhem Linthoingambi Devi,Female,Business Development,1165900,Bengaluru,Very Good,16,29,1
Warner Carwithan,Female,Engineering,783900,Mumbai,Average,10,39,14.1
Wasim Khan,Male,Accounting,1036100,New Delhi,Poor,7,33,9.3
Wendel Malletratt,Male,Engineering,981100,Mumbai,Good,14,29,5.5
Wilt Wayvill,Female,Human Resources,339600,Bengaluru,Not Rated,10,26,2.4
Win Arthurs,Female,Business Development,1121100,New Delhi,Not Rated,21,36,2.7
Wyatt Clinch,Male,Training,913100,New Delhi,Average,18,39,6.2
Wyn Treadger,Female,Business Development,713700,Bengaluru,Average,22,33,10.1
Y Kalyani,Female,Training,715700,Mumbai,Not Rated,21,33,10.3
Yamini Roy,Female,Marketing,679100,New Delhi,Average,9,28,7.6
Yargatti Rizwan Rahim,Male,Support,1003700,Mumbai,Average,5,31,5.3
Yasmeen Klimkiewich,Female,Business Development,902400,Mumbai,Poor,24,29,1.4
Yoshiko Tamblingson,Male,Engineering,758700,New Delhi,Average,12,36,0.7
Yugantar Vishwas Ballal,Male,Training,587400,New Delhi,Not Rated,21,29,6.2
Yvette Bett,Male,Legal,325000,Bengaluru,Average,21,33,8.4
